naics,naics_title,short_title,short_label,full_label,match_level,avg_future_productivity,avg_future_revenue
325110,Petrochemical Manufacturing,Petrochemical Mfg,325110 | Petrochemical Mfg,325110 - Petrochemical Manufacturing,exact,2912.421,5442.865
312230,Tobacco Manufacturing,Tobacco Mfg,312230 | Tobacco Mfg,312230 - Tobacco Manufacturing,exact,2546.8945,3117.6833
324110,Petroleum Refineries,Petroleum Refineries,324110 | Petroleum Refineries,324110 - Petroleum Refineries,exact,1064.7095,6016.7144
311930,Flavoring Syrup and Concentrate Manufacturing,Flavoring Syrup & Concentrate Mfg,311930 | Flavoring Syrup & Concentrate Mfg,311930 - Flavoring Syrup and Concentrate Manufacturing,exact,1025.4512,1323.7865
311224,Soybean and Other Oilseed Processing,Soybean & Other Oilseed Proc,311224 | Soybean & Other Oilseed Proc,311224 - Soybean and Other Oilseed Processing,exact,1007.7212,4645.8154
312140,Distilleries,Distilleries,312140 | Distilleries,312140 - Distilleries,exact,866.9547,1257.499
325311,Nitrogenous Fertilizer Manufacturing,Nitrogenous Fertilizer Mfg,325311 | Nitrogenous Fertilizer Mfg,325311 - Nitrogenous Fertilizer Manufacturing,exact,789.5798,1184.2589
325412,Pharmaceutical Preparation Manufacturing,Pharma Prep Mfg,325412 | Pharma Prep Mfg,325412 - Pharmaceutical Preparation Manufacturing,exact,712.5127,1017.56726
325611,Soap and Other Detergent Manufacturing,Soap & Other Detergent Mfg,325611 | Soap & Other Detergent Mfg,325611 - Soap and Other Detergent Manufacturing,exact,672.4699,962.33636
325193,Ethyl Alcohol Manufacturing,Ethyl Alcohol Mfg,325193 | Ethyl Alcohol Mfg,325193 - Ethyl Alcohol Manufacturing,exact,662.3438,2794.9375
311221,Wet Corn Milling and Starch Manufacturing,Wet Corn Milling & Starch Mfg,311221 | Wet Corn Milling & Starch Mfg,311221 - Wet Corn Milling and Starch Manufacturing,exact,655.3956,1278.3103
325320,Pesticide and Other Agricultural Chemical Manufacturing,Pesticide & Other Agricultural Chem Mfg,325320 | Pesticide & Other Agricultural Chem Mfg,325320 - Pesticide and Other Agricultural Chemical Manufacturing,exact,620.5561,1377.1403
325613,Surface Active Agent Manufacturing,Surface Active Agent Mfg,325613 | Surface Active Agent Mfg,325613 - Surface Active Agent Manufacturing,exact,598.5303,1197.3915
331492,"Secondary Smelting, Refining, and Alloying of Nonferrous Metal (except Copper and Aluminum)","Secondary Smelting, Refining, & Alloy...","331492 | Secondary Smelting, Refining, & Alloy...","331492 - Secondary Smelting, Refining, and Alloying of Nonferrous Metal (except Copper and Aluminum)",exact,578.96234,1147.0232
325194,"Cyclic Crude, Intermediate, and Gum and Wood Chemical Manufacturing","Cyclic Crude, Intermediate, & Gum & W...","325194 | Cyclic Crude, Intermediate, & Gum & W...","325194 - Cyclic Crude, Intermediate, and Gum and Wood Chemical Manufacturing",exact,561.38617,1188.5161
325620,Toilet Preparation Manufacturing,Toilet Prep Mfg,325620 | Toilet Prep Mfg,325620 - Toilet Preparation Manufacturing,exact,557.1501,878.2955
325199,All Other Basic Organic Chemical Manufacturing,All Other Basic Organic Chem Mfg,325199 | All Other Basic Organic Chem Mfg,325199 - All Other Basic Organic Chemical Manufacturing,exact,556.23645,1338.2379
311213,Malt Manufacturing,Malt Mfg,311213 | Malt Mfg,311213 - Malt Manufacturing,exact,546.3862,1595.4119
322130,Paperboard Mills,Paperbd Mills,322130 | Paperbd Mills,322130 - Paperboard Mills,exact,539.0965,1082.1503
324122,Asphalt Shingle and Coating Materials Manufacturing,Asphalt Shingle & Coating Materials Mfg,324122 | Asphalt Shingle & Coating Materials Mfg,324122 - Asphalt Shingle and Coating Materials Manufacturing,exact,534.8324,1123.9626
336112,Automobile and Light Duty Motor Vehicle ManufacturingT,Automobile & Light Duty Motor Vehicle...,336112 | Automobile & Light Duty Motor Vehicle...,336112 - Automobile and Light Duty Motor Vehicle ManufacturingT,prefix_5_digit,531.9486,2180.2178
331315,"Aluminum Sheet, Plate, and Foil Manufacturing","Aluminum Sheet, Plate, & Foil Mfg","331315 | Aluminum Sheet, Plate, & Foil Mfg","331315 - Aluminum Sheet, Plate, and Foil Manufacturing",exact,520.9821,940.96735
311514,"Dry, Condensed, and Evaporated Dairy Product Manufacturing","Dry, Condensed, & Evaporated Dairy Pr...","311514 | Dry, Condensed, & Evaporated Dairy Pr...","311514 - Dry, Condensed, and Evaporated Dairy Product Manufacturing",exact,516.19324,968.4329
324191,Petroleum Lubricating Oil and Grease Manufacturing,Petroleum Lubricating Oil & Grease Mfg,324191 | Petroleum Lubricating Oil & Grease Mfg,324191 - Petroleum Lubricating Oil and Grease Manufacturing,exact,512.3032,1455.415
325312,Phosphatic Fertilizer Manufacturing,Phosphatic Fertilizer Mfg,325312 | Phosphatic Fertilizer Mfg,325312 - Phosphatic Fertilizer Manufacturing,exact,501.66028,1082.4918
325414,Biological Product (except Diagnostic) Manufacturing,Biological Prod (except Diagnostic) Mfg,325414 | Biological Prod (except Diagnostic) Mfg,325414 - Biological Product (except Diagnostic) Manufacturing,exact,475.02826,627.3898
325180,Other Basic Inorganic Chemical Manufacturing,Other Basic Inorganic Chem Mfg,325180 | Other Basic Inorganic Chem Mfg,325180 - Other Basic Inorganic Chemical Manufacturing,exact,463.33246,762.9516
312120,Breweries,Breweries,312120 | Breweries,312120 - Breweries,exact,456.587,679.7607
325212,Synthetic Rubber Manufacturing,Synthetic Rubber Mfg,325212 | Synthetic Rubber Mfg,325212 - Synthetic Rubber Manufacturing,exact,449.76242,930.19763
311211,Flour Milling,Flour Milling,311211 | Flour Milling,311211 - Flour Milling,exact,447.407,1058.7113
333618,Other Engine Equipment Manufacturing,Other Engine Equip Mfg,333618 | Other Engine Equip Mfg,333618 - Other Engine Equipment Manufacturing,exact,446.8711,835.4592
324199,All Other Petroleum and Coal Products Manufacturing,All Other Petroleum & Coal Prod Mfg,324199 | All Other Petroleum & Coal Prod Mfg,324199 - All Other Petroleum and Coal Products Manufacturing,exact,443.4708,1083.8857
334112,Computer Storage Device Manufacturing,Computer Storage Device Mfg,334112 | Computer Storage Device Mfg,334112 - Computer Storage Device Manufacturing,exact,440.75458,927.0089
325120,Industrial Gas Manufacturing,Industrial Gas Mfg,325120 | Industrial Gas Mfg,325120 - Industrial Gas Manufacturing,exact,432.7705,980.53546
311422,Specialty Canning,Specialty Canning,311422 | Specialty Canning,311422 - Specialty Canning,exact,427.3281,758.48535
331410,Nonferrous Metal (except Aluminum) Smelting and Refining,Nonferrous Metal (except Aluminum) Sm...,331410 | Nonferrous Metal (except Aluminum) Sm...,331410 - Nonferrous Metal (except Aluminum) Smelting and Refining,exact,410.8039,1041.071
327310,Cement Manufacturing,Cement Mfg,327310 | Cement Mfg,327310 - Cement Manufacturing,exact,406.93146,715.2472
311225,Fats and Oils Refining and Blending,Fats & Oils Refining & Blending,311225 | Fats & Oils Refining & Blending,311225 - Fats and Oils Refining and Blending,exact,387.81143,1547.1774
325992,"Photographic Film, Paper, Plate, Chemical, and Copy Toner Manufacturing","Photographic Film, Paper, Plate, Chem...","325992 | Photographic Film, Paper, Plate, Chem...","325992 - Photographic Film, Paper, Plate, Chemical, and Copy Toner Manufacturing",exact,382.56723,708.9214
325211,Plastics Material and Resin Manufacturing,Plast Material & Resin Mfg,325211 | Plast Material & Resin Mfg,325211 - Plastics Material and Resin Manufacturing,exact,381.2702,1190.7949
315190,Apparel Knitting MillsT,App Knitting MillsT,315190 | App Knitting MillsT,315190 - Apparel Knitting MillsT,prefix_4_digit,372.35583,397.12912
322121,Paper MillsT,Paper MillsT,322121 | Paper MillsT,322121 - Paper MillsT,prefix_5_digit,367.13992,648.57666
325314,Fertilizer (Mixing Only) Manufacturing,Fertilizer (Mixing Only) Mfg,325314 | Fertilizer (Mixing Only) Mfg,325314 - Fertilizer (Mixing Only) Manufacturing,exact,366.11475,863.86536
322110,Pulp Mills,Pulp Mills,322110 | Pulp Mills,322110 - Pulp Mills,exact,359.07376,766.07324
325612,Polish and Other Sanitation Good Manufacturing,Polish & Other Sanitation Good Mfg,325612 | Polish & Other Sanitation Good Mfg,325612 - Polish and Other Sanitation Good Manufacturing,exact,353.7025,640.0398
336111,Automobile and Light Duty Motor Vehicle ManufacturingT,Automobile & Light Duty Motor Vehicle...,336111 | Automobile & Light Duty Motor Vehicle...,336111 - Automobile and Light Duty Motor Vehicle ManufacturingT,prefix_5_digit,350.23965,1574.9094
311919,Other Snack Food Manufacturing,Other Snack Food Mfg,311919 | Other Snack Food Mfg,311919 - Other Snack Food Manufacturing,exact,350.0281,491.65588
312112,Bottled Water Manufacturing,Bottled Water Mfg,312112 | Bottled Water Mfg,312112 - Bottled Water Manufacturing,exact,347.00882,584.48425
325510,Paint and Coating Manufacturing,Paint & Coating Mfg,325510 | Paint & Coating Mfg,325510 - Paint and Coating Manufacturing,exact,345.39713,763.54376
311111,Dog and Cat Food Manufacturing,Dog & Cat Food Mfg,311111 | Dog & Cat Food Mfg,311111 - Dog and Cat Food Manufacturing,exact,345.14697,886.234
322122,Paper MillsT,Paper MillsT,322122 | Paper MillsT,322122 - Paper MillsT,prefix_5_digit,342.8803,774.5068
312130,Wineries,Wineries,312130 | Wineries,312130 - Wineries,exact,342.39868,516.0438
325998,All Other Miscellaneous Chemical Product and Preparation Manufacturing,All Other Misc Chem Prod & Prep Mfg,325998 | All Other Misc Chem Prod & Prep Mfg,325998 - All Other Miscellaneous Chemical Product and Preparation Manufacturing,exact,335.05237,683.8209
325130,Synthetic Dye and Pigment Manufacturing,Synthetic Dye & Pigment Mfg,325130 | Synthetic Dye & Pigment Mfg,325130 - Synthetic Dye and Pigment Manufacturing,exact,330.75934,771.5049
311230,Breakfast Cereal Manufacturing,Breakfast Cereal Mfg,311230 | Breakfast Cereal Mfg,311230 - Breakfast Cereal Manufacturing,exact,329.6778,833.8319
336411,Aircraft Manufacturing,Aircraft Mfg,336411 | Aircraft Mfg,336411 - Aircraft Manufacturing,exact,328.76453,724.2716
322291,Sanitary Paper Product Manufacturing,Sanitary Paper Prod Mfg,322291 | Sanitary Paper Prod Mfg,322291 - Sanitary Paper Product Manufacturing,exact,326.0183,677.33514
324121,Asphalt Paving Mixture and Block Manufacturing,Asphalt Paving Mixture & Block Mfg,324121 | Asphalt Paving Mixture & Block Mfg,324121 - Asphalt Paving Mixture and Block Manufacturing,exact,322.75812,797.68805
331110,Iron and Steel Mills and Ferroalloy Manufacturing,Iron & Steel Mills & Ferroalloy Mfg,331110 | Iron & Steel Mills & Ferroalloy Mfg,331110 - Iron and Steel Mills and Ferroalloy Manufacturing,exact,320.4804,906.0112
334111,Electronic Computer Manufacturing,Elec Computer Mfg,334111 | Elec Computer Mfg,334111 - Electronic Computer Manufacturing,exact,318.043,889.0247
327992,Ground or Treated Mineral and Earth Manufacturing,Ground or Treated Mineral & Earth Mfg,327992 | Ground or Treated Mineral & Earth Mfg,327992 - Ground or Treated Mineral and Earth Manufacturing,exact,316.67047,535.95917
327420,Gypsum Product Manufacturing,Gypsum Prod Mfg,327420 | Gypsum Prod Mfg,327420 - Gypsum Product Manufacturing,exact,313.1292,594.1801
334413,Semiconductor and Related Device Manufacturing,Semiconductor & Related Device Mfg,334413 | Semiconductor & Related Device Mfg,334413 - Semiconductor and Related Device Manufacturing,exact,305.6621,522.3667
331313,Alumina Refining and Primary Aluminum Production,Alumina Refining & Primary Aluminum P...,331313 | Alumina Refining & Primary Aluminum P...,331313 - Alumina Refining and Primary Aluminum Production,exact,305.4328,779.05444
312111,Soft Drink Manufacturing,Soft Drink Mfg,312111 | Soft Drink Mfg,312111 - Soft Drink Manufacturing,exact,304.57208,831.0569
336992,"Military Armored Vehicle, Tank, and Tank Component Manufacturing","Military Armored Vehicle, Tank, & Tan...","336992 | Military Armored Vehicle, Tank, & Tan...","336992 - Military Armored Vehicle, Tank, and Tank Component Manufacturing",exact,297.24393,524.42194
336991,"Motorcycle, Bicycle, and Parts Manufacturing","Motorcycle, Bicycle, & Parts Mfg","336991 | Motorcycle, Bicycle, & Parts Mfg","336991 - Motorcycle, Bicycle, and Parts Manufacturing",exact,293.1958,639.9052
311119,Other Animal Food Manufacturing,Other Animal Food Mfg,311119 | Other Animal Food Mfg,311119 - Other Animal Food Manufacturing,exact,292.29532,1189.3074
311920,Coffee and Tea Manufacturing,Coffee & Tea Mfg,311920 | Coffee & Tea Mfg,311920 - Coffee and Tea Manufacturing,exact,290.7481,857.15717
325413,In-Vitro Diagnostic Substance Manufacturing,In-Vitro Diagnostic Substance Mfg,325413 | In-Vitro Diagnostic Substance Mfg,325413 - In-Vitro Diagnostic Substance Manufacturing,exact,289.81094,406.9964
336412,Aircraft Engine and Engine Parts Manufacturing,Aircraft Engine & Engine Parts Mfg,336412 | Aircraft Engine & Engine Parts Mfg,336412 - Aircraft Engine and Engine Parts Manufacturing,exact,288.3971,514.7408
336310,Motor Vehicle Gasoline Engine and Engine Parts Manufacturing,Motor Vehicle Gasoline Engine & Engin...,336310 | Motor Vehicle Gasoline Engine & Engin...,336310 - Motor Vehicle Gasoline Engine and Engine Parts Manufacturing,exact,287.8339,764.44434
327410,Lime Manufacturing,Lime Mfg,327410 | Lime Mfg,327410 - Lime Manufacturing,exact,282.14655,605.42865
334511,"Search, Detection, Navigation, Guidance, Aeronautical, and Nautical System and Instrument Manufacturing","Search, Detection, Navigation, Guidan...","334511 | Search, Detection, Navigation, Guidan...","334511 - Search, Detection, Navigation, Guidance, Aeronautical, and Nautical System and Instrument Manufacturing",exact,278.78848,391.75336
332431,Metal Can Manufacturing,Metal Can Mfg,332431 | Metal Can Mfg,332431 - Metal Can Manufacturing,exact,277.30103,873.83215
311314,Cane Sugar Manufacturing,Cane Sugar Mfg,311314 | Cane Sugar Mfg,311314 - Cane Sugar Manufacturing,exact,276.05783,844.7533
336414,Guided Missile and Space Vehicle Manufacturing,Guided Missile & Space Vehicle Mfg,336414 | Guided Missile & Space Vehicle Mfg,336414 - Guided Missile and Space Vehicle Manufacturing,exact,273.78323,465.61572
334517,Irradiation Apparatus Manufacturing,Irradiation Apparatus Mfg,334517 | Irradiation Apparatus Mfg,334517 - Irradiation Apparatus Manufacturing,exact,269.8616,474.98865
334118,Computer Terminal and Other Computer Peripheral Equipment Manufacturing,Computer Terminal & Other Computer Pe...,334118 | Computer Terminal & Other Computer Pe...,334118 - Computer Terminal and Other Computer Peripheral Equipment Manufacturing,exact,268.64462,478.50873
334510,Electromedical and Electrotherapeutic Apparatus Manufacturing,Electromedical & Electrotherapeutic A...,334510 | Electromedical & Electrotherapeutic A...,334510 - Electromedical and Electrotherapeutic Apparatus Manufacturing,exact,264.81808,376.04153
311313,Beet Sugar Manufacturing,Beet Sugar Mfg,311313 | Beet Sugar Mfg,311313 - Beet Sugar Manufacturing,exact,263.43262,547.9332
339113,Surgical Appliance and Supplies Manufacturing,Surgical Appliance & Supp Mfg,339113 | Surgical Appliance & Supp Mfg,339113 - Surgical Appliance and Supplies Manufacturing,exact,259.3117,405.0944
332913,Plumbing Fixture Fitting and Trim Manufacturing,Plumbing Fixture Fitting & Trim Mfg,332913 | Plumbing Fixture Fitting & Trim Mfg,332913 - Plumbing Fixture Fitting and Trim Manufacturing,exact,259.16226,533.7498
321219,Reconstituted Wood Product Manufacturing,Reconstituted Wood Prod Mfg,321219 | Reconstituted Wood Prod Mfg,321219 - Reconstituted Wood Product Manufacturing,exact,254.16673,563.666
325411,Medicinal and Botanical Manufacturing,Medicinal & Botanical Mfg,325411 | Medicinal & Botanical Mfg,325411 - Medicinal and Botanical Manufacturing,exact,252.91663,449.3399
311942,Spice and Extract Manufacturing,Spice & Extract Mfg,311942 | Spice & Extract Mfg,311942 - Spice and Extract Manufacturing,exact,249.80719,543.507
336120,Heavy Duty Truck Manufacturing,Heavy Duty Truck Mfg,336120 | Heavy Duty Truck Mfg,336120 - Heavy Duty Truck Manufacturing,exact,249.19778,857.55865
327213,Glass Container Manufacturing,Glass Container Mfg,327213 | Glass Container Mfg,327213 - Glass Container Manufacturing,exact,248.91234,338.6283
339112,Surgical and Medical Instrument Manufacturing,Surgical & Med Instrument Mfg,339112 | Surgical & Med Instrument Mfg,339112 - Surgical and Medical Instrument Manufacturing,exact,246.85014,383.34088
311351,Chocolate and Confectionery Manufacturing from Cacao Beans,Chocolate & Confectionery Mfg from Ca...,311351 | Chocolate & Confectionery Mfg from Ca...,311351 - Chocolate and Confectionery Manufacturing from Cacao Beans,exact,246.05556,795.0773
331221,Rolled Steel Shape Manufacturing,Rolled Steel Shape Mfg,331221 | Rolled Steel Shape Mfg,331221 - Rolled Steel Shape Manufacturing,exact,245.79582,693.9538
333242,Semiconductor Machinery Manufacturing,Semiconductor Mach Mfg,333242 | Semiconductor Mach Mfg,333242 - Semiconductor Machinery Manufacturing,exact,245.09492,482.52637
335912,Battery ManufacturingT,Battery MfgT,335912 | Battery MfgT,335912 - Battery ManufacturingT,prefix_5_digit,243.76215,501.5952
334515,Instrument Manufacturing for Measuring and Testing Electricity and Electrical Signals,Instrument Mfg for Measuring & Testin...,334515 | Instrument Mfg for Measuring & Testin...,334515 - Instrument Manufacturing for Measuring and Testing Electricity and Electrical Signals,exact,243.18137,385.77695
327211,Flat Glass Manufacturing,Flat Glass Mfg,327211 | Flat Glass Mfg,327211 - Flat Glass Manufacturing,exact,241.46402,385.44647
334516,Analytical Laboratory Instrument Manufacturing,Analytical Laboratory Instrument Mfg,334516 | Analytical Laboratory Instrument Mfg,334516 - Analytical Laboratory Instrument Manufacturing,exact,240.9311,359.00867
311511,Fluid Milk Manufacturing,Fluid Milk Mfg,311511 | Fluid Milk Mfg,311511 - Fluid Milk Manufacturing,exact,240.25748,697.5105
326113,Unlaminated Plastics Film and Sheet (except Packaging) Manufacturing,Unlaminated Plast Film & Sheet (excep...,326113 | Unlaminated Plast Film & Sheet (excep...,326113 - Unlaminated Plastics Film and Sheet (except Packaging) Manufacturing,exact,237.4311,487.48376
325910,Printing Ink Manufacturing,Print Ink Mfg,325910 | Print Ink Mfg,325910 - Printing Ink Manufacturing,exact,237.38274,493.89352
333316,Commercial and Service Industry Machinery ManufacturingT,Commercial & Svc Ind Mach MfgT,333316 | Commercial & Svc Ind Mach MfgT,333316 - Commercial and Service Industry Machinery ManufacturingT,prefix_5_digit,235.06445,471.5108
327993,Mineral Wool Manufacturing,Mineral Wool Mfg,327993 | Mineral Wool Mfg,327993 - Mineral Wool Manufacturing,exact,234.97916,388.27695
311513,Cheese Manufacturing,Cheese Mfg,311513 | Cheese Mfg,311513 - Cheese Manufacturing,exact,234.78435,914.005
333991,Power-Driven Handtool Manufacturing,Power-Driven H&tool Mfg,333991 | Power-Driven H&tool Mfg,333991 - Power-Driven Handtool Manufacturing,exact,232.42157,461.95715
311212,Rice Milling,Rice Milling,311212 | Rice Milling,311212 - Rice Milling,exact,230.33235,644.8881
333120,Construction Machinery Manufacturing,Construction Mach Mfg,333120 | Construction Mach Mfg,333120 - Construction Machinery Manufacturing,exact,230.17056,560.6364
311613,Rendering and Meat Byproduct Processing,Rendering & Meat Byproduct Proc,311613 | Rendering & Meat Byproduct Proc,311613 - Rendering and Meat Byproduct Processing,exact,227.89204,452.01526
313230,Nonwoven Fabric Mills,Nonwoven Fabric Mills,313230 | Nonwoven Fabric Mills,313230 - Nonwoven Fabric Mills,exact,226.59123,485.15823
331314,Secondary Smelting and Alloying of Aluminum,Secondary Smelting & Alloying of Alum...,331314 | Secondary Smelting & Alloying of Alum...,331314 - Secondary Smelting and Alloying of Aluminum,exact,226.14488,1032.5277
335932,Noncurrent-Carrying Wiring Device Manufacturing,Noncurrent-Carrying Wiring Device Mfg,335932 | Noncurrent-Carrying Wiring Device Mfg,335932 - Noncurrent-Carrying Wiring Device Manufacturing,exact,224.27055,350.68973
334220,Radio and Television Broadcasting and Wireless Communications Equipment Manufacturing,Radio & Television Broadcasting & Wir...,334220 | Radio & Television Broadcasting & Wir...,334220 - Radio and Television Broadcasting and Wireless Communications Equipment Manufacturing,exact,223.34961,383.5703
333131,Mining Machinery and Equipment Manufacturing,Mining Mach & Equip Mfg,333131 | Mining Mach & Equip Mfg,333131 - Mining Machinery and Equipment Manufacturing,exact,222.23253,331.8191
332994,"Small Arms, Ordnance, and Ordnance Accessories Manufacturing","Small Arms, Ordnance, & Ordnance Acce...","332994 | Small Arms, Ordnance, & Ordnance Acce...","332994 - Small Arms, Ordnance, and Ordnance Accessories Manufacturing",exact,221.07721,372.351
325520,Adhesive Manufacturing,Adhesive Mfg,325520 | Adhesive Mfg,325520 - Adhesive Manufacturing,exact,220.36253,500.74002
335921,Fiber Optic Cable Manufacturing,Fiber Optic Cable Mfg,335921 | Fiber Optic Cable Mfg,335921 - Fiber Optic Cable Manufacturing,exact,219.58923,400.845
327999,All Other Miscellaneous Nonmetallic Mineral Product Manufacturing,All Other Misc Nonmetallic Mineral Pr...,327999 | All Other Misc Nonmetallic Mineral Pr...,327999 - All Other Miscellaneous Nonmetallic Mineral Product Manufacturing,exact,218.87898,374.45496
332111,Iron and Steel Forging,Iron & Steel Forging,332111 | Iron & Steel Forging,332111 - Iron and Steel Forging,exact,216.08957,452.41022
333912,Air and Gas Compressor Manufacturing,Air & Gas Compressor Mfg,333912 | Air & Gas Compressor Mfg,333912 - Air and Gas Compressor Manufacturing,exact,215.1186,407.69754
325991,Custom Compounding of Purchased Resins,Custom Compounding of Purchased Resins,325991 | Custom Compounding of Purchased Resins,325991 - Custom Compounding of Purchased Resins,exact,214.77313,550.16345
311941,"Mayonnaise, Dressing, and Other Prepared Sauce Manufacturing","Mayonnaise, Dressing, & Other Prepare...","311941 | Mayonnaise, Dressing, & Other Prepare...","311941 - Mayonnaise, Dressing, and Other Prepared Sauce Manufacturing",exact,213.11589,468.96045
334418,Printed Circuit Assembly (Electronic Assembly) Manufacturing,Printed Circuit Assembly (Elec Assemb...,334418 | Printed Circuit Assembly (Elec Assemb...,334418 - Printed Circuit Assembly (Electronic Assembly) Manufacturing,exact,212.47308,414.10657
336413,Other Aircraft Parts and Auxiliary Equipment Manufacturing,Other Aircraft Parts & Auxiliary Equi...,336413 | Other Aircraft Parts & Auxiliary Equi...,336413 - Other Aircraft Parts and Auxiliary Equipment Manufacturing,exact,212.37627,367.71808
326121,Unlaminated Plastics Profile Shape Manufacturing,Unlaminated Plast Profile Shape Mfg,326121 | Unlaminated Plast Profile Shape Mfg,326121 - Unlaminated Plastics Profile Shape Manufacturing,exact,211.59712,347.49963
335222,Major Household Appliance ManufacturingT,Major Household Appliance MfgT,335222 | Major Household Appliance MfgT,335222 - Major Household Appliance ManufacturingT,prefix_5_digit,211.46135,438.2872
311340,Nonchocolate Confectionery Manufacturing,Nonchocolate Confectionery Mfg,311340 | Nonchocolate Confectionery Mfg,311340 - Nonchocolate Confectionery Manufacturing,exact,209.87192,404.9804
325220,Artificial and Synthetic Fibers and Filaments Manufacturing,Artificial & Synthetic Fibers & Filam...,325220 | Artificial & Synthetic Fibers & Filam...,325220 - Artificial and Synthetic Fibers and Filaments Manufacturing,exact,209.62769,508.96445
311421,Fruit and Vegetable Canning,Fruit & Vegetable Canning,311421 | Fruit & Vegetable Canning,311421 - Fruit and Vegetable Canning,exact,209.58037,486.98572
333314,Commercial and Service Industry Machinery ManufacturingT,Commercial & Svc Ind Mach MfgT,333314 | Commercial & Svc Ind Mach MfgT,333314 - Commercial and Service Industry Machinery ManufacturingT,prefix_5_digit,208.57536,349.06125
334514,Totalizing Fluid Meter and Counting Device Manufacturing,Totalizing Fluid Meter & Counting Dev...,334514 | Totalizing Fluid Meter & Counting Dev...,334514 - Totalizing Fluid Meter and Counting Device Manufacturing,exact,208.0978,379.60822
335224,Major Household Appliance ManufacturingT,Major Household Appliance MfgT,335224 | Major Household Appliance MfgT,335224 - Major Household Appliance ManufacturingT,prefix_5_digit,207.87598,528.9614
333611,Turbine and Turbine Generator Set Units Manufacturing,Turbine & Turbine Generator Set Units...,333611 | Turbine & Turbine Generator Set Units...,333611 - Turbine and Turbine Generator Set Units Manufacturing,exact,205.75671,422.99295
339115,Ophthalmic Goods Manufacturing,Ophthalmic Goods Mfg,339115 | Ophthalmic Goods Mfg,339115 - Ophthalmic Goods Manufacturing,exact,204.84102,345.23972
332112,Nonferrous Forging,Nonferrous Forging,332112 | Nonferrous Forging,332112 - Nonferrous Forging,exact,204.64662,523.80426
311999,All Other Miscellaneous Food Manufacturing,All Other Misc Food Mfg,311999 | All Other Misc Food Mfg,311999 - All Other Miscellaneous Food Manufacturing,exact,204.59882,542.6335
311824,"Dry Pasta, Dough, and Flour Mixes Manufacturing from Purchased Flour","Dry Pasta, Dough, & Flour Mixes Mfg f...","311824 | Dry Pasta, Dough, & Flour Mixes Mfg f...","311824 - Dry Pasta, Dough, and Flour Mixes Manufacturing from Purchased Flour",exact,204.1609,554.7723
335110,Electric Lighting Equipment ManufacturingT,Electric Lighting Equip MfgT,335110 | Electric Lighting Equip MfgT,335110 - Electric Lighting Equipment ManufacturingT,prefix_4_digit,204.01022,348.561
326130,"Laminated Plastics Plate, Sheet (except Packaging), and Shape Manufacturing","Laminated Plast Plate, Sheet (except ...","326130 | Laminated Plast Plate, Sheet (except ...","326130 - Laminated Plastics Plate, Sheet (except Packaging), and Shape Manufacturing",exact,203.97351,345.3378
311512,Creamery Butter Manufacturing,Creamery Butter Mfg,311512 | Creamery Butter Mfg,311512 - Creamery Butter Manufacturing,exact,203.3507,1748.5634
333241,Food Product Machinery Manufacturing,Food Prod Mach Mfg,333241 | Food Prod Mach Mfg,333241 - Food Product Machinery Manufacturing,exact,202.6849,363.61072
336999,All Other Transportation Equipment Manufacturing,All Other Transport Equip Mfg,336999 | All Other Transport Equip Mfg,336999 - All Other Transportation Equipment Manufacturing,exact,202.66115,606.61224
326211,Tire Manufacturing (except Retreading),Tire Mfg (except Retreading),326211 | Tire Mfg (except Retreading),326211 - Tire Manufacturing (except Retreading),exact,201.70924,452.84665
326112,Plastics Packaging Film and Sheet (including Laminated) Manufacturing,Plast Pkg Film & Sheet (including Lam...,326112 | Plast Pkg Film & Sheet (including Lam...,326112 - Plastics Packaging Film and Sheet (including Laminated) Manufacturing,exact,201.65866,457.0168
333996,Fluid Power Pump and Motor Manufacturing,Fluid Power Pump & Motor Mfg,333996 | Fluid Power Pump & Motor Mfg,333996 - Fluid Power Pump and Motor Manufacturing,exact,201.65434,401.2141
321114,Wood Preservation,Wood Preservation,321114 | Wood Preservation,321114 - Wood Preservation,exact,200.7981,725.251
311423,Dried and Dehydrated Food Manufacturing,Dried & Dehydrated Food Mfg,311423 | Dried & Dehydrated Food Mfg,311423 - Dried and Dehydrated Food Manufacturing,exact,200.76657,416.1626
337214,Office Furniture (except Wood) Manufacturing,Office Furn (except Wood) Mfg,337214 | Office Furn (except Wood) Mfg,337214 - Office Furniture (except Wood) Manufacturing,exact,199.95872,313.7433
311812,Commercial Bakeries,Commercial Bakeries,311812 | Commercial Bakeries,311812 - Commercial Bakeries,exact,199.47935,342.4902
333111,Farm Machinery and Equipment Manufacturing,Farm Mach & Equip Mfg,333111 | Farm Mach & Equip Mfg,333111 - Farm Machinery and Equipment Manufacturing,exact,197.45888,438.0602
334519,Other Measuring and Controlling Device Manufacturing,Other Measuring & Controlling Device Mfg,334519 | Other Measuring & Controlling Device Mfg,334519 - Other Measuring and Controlling Device Manufacturing,exact,196.8864,343.6672
331491,"Nonferrous Metal (except Copper and Aluminum) Rolling, Drawing, and Extruding",Nonferrous Metal (except Copper & Alu...,331491 | Nonferrous Metal (except Copper & Alu...,"331491 - Nonferrous Metal (except Copper and Aluminum) Rolling, Drawing, and Extruding",exact,196.3463,430.7405
333911,Pump and Compressor ManufacturingT,Pump & Compressor MfgT,333911 | Pump & Compressor MfgT,333911 - Pump and Compressor ManufacturingT,prefix_5_digit,195.76392,405.3981
334290,Other Communications Equipment Manufacturing,Other Communications Equip Mfg,334290 | Other Communications Equip Mfg,334290 - Other Communications Equipment Manufacturing,exact,195.48462,328.80228
336340,Motor Vehicle Brake System Manufacturing,Motor Vehicle Brake System Mfg,336340 | Motor Vehicle Brake System Mfg,336340 - Motor Vehicle Brake System Manufacturing,exact,194.94838,539.01105
325920,Explosives Manufacturing,Explosives Mfg,325920 | Explosives Mfg,325920 - Explosives Manufacturing,exact,194.25584,313.74216
333992,Welding and Soldering Equipment Manufacturing,Welding & Soldering Equip Mfg,333992 | Welding & Soldering Equip Mfg,333992 - Welding and Soldering Equipment Manufacturing,exact,194.10384,392.50864
335999,All Other Miscellaneous Electrical Equipment and Component Manufacturing,All Other Misc Elec Equip & Component...,335999 | All Other Misc Elec Equip & Component...,335999 - All Other Miscellaneous Electrical Equipment and Component Manufacturing,exact,193.33661,347.3325
335228,Major Household Appliance ManufacturingT,Major Household Appliance MfgT,335228 | Major Household Appliance MfgT,335228 - Major Household Appliance ManufacturingT,prefix_5_digit,192.58612,426.51874
333993,Packaging Machinery Manufacturing,Pkg Mach Mfg,333993 | Pkg Mach Mfg,333993 - Packaging Machinery Manufacturing,exact,192.12979,345.93814
311710,Seafood Product Preparation and Packaging,Seafood Prod Prep & Pkg,311710 | Seafood Prod Prep & Pkg,311710 - Seafood Product Preparation and Packaging,exact,191.94197,477.84528
327212,Other Pressed and Blown Glass and Glassware Manufacturing,Other Pressed & Blown Glass & Glasswa...,327212 | Other Pressed & Blown Glass & Glasswa...,327212 - Other Pressed and Blown Glass and Glassware Manufacturing,exact,190.35815,270.6131
334210,Telephone Apparatus Manufacturing,Telephone Apparatus Mfg,334210 | Telephone Apparatus Mfg,334210 - Telephone Apparatus Manufacturing,exact,188.85493,425.98492
339114,Dental Equipment and Supplies Manufacturing,Dental Equip & Supp Mfg,339114 | Dental Equip & Supp Mfg,339114 - Dental Equipment and Supplies Manufacturing,exact,188.7636,280.28418
333244,Industrial Machinery ManufacturingT,Industrial Mach MfgT,333244 | Industrial Mach MfgT,333244 - Industrial Machinery ManufacturingT,prefix_5_digit,188.36182,335.87482
336350,Motor Vehicle Transmission and Power Train Parts Manufacturing,Motor Vehicle Transmission & Power Tr...,336350 | Motor Vehicle Transmission & Power Tr...,336350 - Motor Vehicle Transmission and Power Train Parts Manufacturing,exact,188.22034,609.6708
335929,Other Communication and Energy Wire Manufacturing,Other Communication & Energy Wire Mfg,335929 | Other Communication & Energy Wire Mfg,335929 - Other Communication and Energy Wire Manufacturing,exact,188.07437,519.4456
311821,Cookie and Cracker Manufacturing,Cookie & Cracker Mfg,311821 | Cookie & Cracker Mfg,311821 - Cookie and Cracker Manufacturing,exact,187.8702,316.2549
311520,Ice Cream and Frozen Dessert Manufacturing,Ice Cream & Frozen Dessert Mfg,311520 | Ice Cream & Frozen Dessert Mfg,311520 - Ice Cream and Frozen Dessert Manufacturing,exact,186.76833,412.40573
333318,Commercial and Service Industry Machinery ManufacturingT,Commercial & Svc Ind Mach MfgT,333318 | Commercial & Svc Ind Mach MfgT,333318 - Commercial and Service Industry Machinery ManufacturingT,prefix_5_digit,185.33902,328.69
313320,Fabric Coating Mills,Fabric Coating Mills,313320 | Fabric Coating Mills,313320 - Fabric Coating Mills,exact,185.15706,354.08752
333132,Oil and Gas Field Machinery and Equipment Manufacturing,Oil & Gas Field Mach & Equip Mfg,333132 | Oil & Gas Field Mach & Equip Mfg,333132 - Oil and Gas Field Machinery and Equipment Manufacturing,exact,184.24652,376.71597
335210,Small Electrical Appliance Manufacturing,Small Elec Appliance Mfg,335210 | Small Elec Appliance Mfg,335210 - Small Electrical Appliance Manufacturing,exact,183.83325,361.35754
333519,Rolling Mill and Other Metalworking Machinery Manufacturing,Rolling Mill & Other Metalworking Mac...,333519 | Rolling Mill & Other Metalworking Mac...,333519 - Rolling Mill and Other Metalworking Machinery Manufacturing,exact,183.46309,301.17566
332911,Industrial Valve Manufacturing,Industrial Valve Mfg,332911 | Industrial Valve Mfg,332911 - Industrial Valve Manufacturing,exact,183.4421,316.899
322211,Corrugated and Solid Fiber Box Manufacturing,Corrugated & Solid Fiber Box Mfg,322211 | Corrugated & Solid Fiber Box Mfg,322211 - Corrugated and Solid Fiber Box Manufacturing,exact,182.71362,473.77414
327120,Clay Building Material and Refractories Manufacturing,Clay Building Material & Refractories...,327120 | Clay Building Material & Refractories...,327120 - Clay Building Material and Refractories Manufacturing,exact,181.63094,273.23438
327320,Ready-Mix Concrete Manufacturing,Ready-Mix Concrete Mfg,327320 | Ready-Mix Concrete Mfg,327320 - Ready-Mix Concrete Manufacturing,exact,181.28749,378.3243
335221,Major Household Appliance ManufacturingT,Major Household Appliance MfgT,335221 | Major Household Appliance MfgT,335221 - Major Household Appliance ManufacturingT,prefix_5_digit,181.12448,374.24615
336320,Motor Vehicle Electrical and Electronic Equipment Manufacturing,Motor Vehicle Elec & Elec Equip Mfg,336320 | Motor Vehicle Elec & Elec Equip Mfg,336320 - Motor Vehicle Electrical and Electronic Equipment Manufacturing,exact,180.73381,451.8909
333415,Air-Conditioning and Warm Air Heating Equipment and Commercial and Industrial Refrigeration Equipment Manufacturing,Air-Conditioning & Warm Air Heating E...,333415 | Air-Conditioning & Warm Air Heating E...,333415 - Air-Conditioning and Warm Air Heating Equipment and Commercial and Industrial Refrigeration Equipment Manufacturing,exact,180.61513,408.78235
331210,Iron and Steel Pipe and Tube Manufacturing from Purchased Steel,Iron & Steel Pipe & Tube Mfg from Pur...,331210 | Iron & Steel Pipe & Tube Mfg from Pur...,331210 - Iron and Steel Pipe and Tube Manufacturing from Purchased Steel,exact,180.50935,466.50958
336510,Railroad Rolling Stock Manufacturing,Railroad Rolling Stock Mfg,336510 | Railroad Rolling Stock Mfg,336510 - Railroad Rolling Stock Manufacturing,exact,180.33658,606.63403
326111,Plastics Bag and Pouch Manufacturing,Plast Bag & Pouch Mfg,326111 | Plast Bag & Pouch Mfg,326111 - Plastics Bag and Pouch Manufacturing,exact,179.44333,389.6395
334419,Other Electronic Component Manufacturing,Other Elec Component Mfg,334419 | Other Elec Component Mfg,334419 - Other Electronic Component Manufacturing,exact,178.685,261.62393
331420,"Copper Rolling, Drawing, Extruding, and Alloying","Copper Rolling, Drawing, Extruding, &...","331420 | Copper Rolling, Drawing, Extruding, &...","331420 - Copper Rolling, Drawing, Extruding, and Alloying",exact,178.49825,774.7053
333612,"Speed Changer, Industrial High-Speed Drive, and Gear Manufacturing","Speed Changer, Industrial High-Speed ...","333612 | Speed Changer, Industrial High-Speed ...","333612 - Speed Changer, Industrial High-Speed Drive, and Gear Manufacturing",exact,178.24225,295.0371
311911,Roasted Nuts and Peanut Butter Manufacturing,Roasted Nuts & Peanut Butter Mfg,311911 | Roasted Nuts & Peanut Butter Mfg,311911 - Roasted Nuts and Peanut Butter Manufacturing,exact,177.19989,691.8819
311352,Confectionery Manufacturing from Purchased Chocolate,Confectionery Mfg from Purchased Choc...,311352 | Confectionery Mfg from Purchased Choc...,311352 - Confectionery Manufacturing from Purchased Chocolate,exact,177.05421,385.85495
333923,"Overhead Traveling Crane, Hoist, and Monorail System Manufacturing","Overhead Traveling Crane, Hoist, & Mo...","333923 | Overhead Traveling Crane, Hoist, & Mo...","333923 - Overhead Traveling Crane, Hoist, and Monorail System Manufacturing",exact,175.92778,441.1219
336611,Ship Building and Repairing,Ship Building & Repairing,336611 | Ship Building & Repairing,336611 - Ship Building and Repairing,exact,175.85646,251.70227
334417,Electronic Connector Manufacturing,Elec Connector Mfg,334417 | Elec Connector Mfg,334417 - Electronic Connector Manufacturing,exact,175.68098,317.40994
335991,Carbon and Graphite Product Manufacturing,Carbon & Graphite Prod Mfg,335991 | Carbon & Graphite Prod Mfg,335991 - Carbon and Graphite Product Manufacturing,exact,175.32066,418.89822
327331,Concrete Block and Brick Manufacturing,Concrete Block & Brick Mfg,327331 | Concrete Block & Brick Mfg,327331 - Concrete Block and Brick Manufacturing,exact,175.0065,304.44913
333999,All Other General Purpose Machinery ManufacturingT,All Other General Purpose Mach MfgT,333999 | All Other General Purpose Mach MfgT,333999 - All Other General Purpose Machinery ManufacturingT,prefix_5_digit,174.95416,327.33746
321113,Sawmills,Sawmills,321113 | Sawmills,321113 - Sawmills,exact,174.81831,387.67715
337910,Mattress Manufacturing,Mattress Mfg,337910 | Mattress Mfg,337910 - Mattress Manufacturing,exact,174.76595,354.56024
331513,Steel Foundries (except Investment),Steel Foundries (except Investment),331513 | Steel Foundries (except Investment),331513 - Steel Foundries (except Investment),exact,173.62262,301.66544
326220,Rubber and Plastics Hoses and Belting Manufacturing,Rubber & Plast Hoses & Belting Mfg,326220 | Rubber & Plast Hoses & Belting Mfg,326220 - Rubber and Plastics Hoses and Belting Manufacturing,exact,173.05045,298.56628
333921,Elevator and Moving Stairway Manufacturing,Elevator & Moving Stairway Mfg,333921 | Elevator & Moving Stairway Mfg,333921 - Elevator and Moving Stairway Manufacturing,exact,173.04678,345.266
327910,Abrasive Product Manufacturing,Abrasive Prod Mfg,327910 | Abrasive Prod Mfg,327910 - Abrasive Product Manufacturing,exact,172.87578,296.10294
331511,Iron Foundries,Iron Foundries,331511 | Iron Foundries,331511 - Iron Foundries,exact,171.9629,320.27402
339910,Jewelry and Silverware Manufacturing,Jewelry & Silverware Mfg,339910 | Jewelry & Silverware Mfg,339910 - Jewelry and Silverware Manufacturing,exact,170.98317,325.65536
332410,Power Boiler and Heat Exchanger Manufacturing,Power Boiler & Heat Exchanger Mfg,332410 | Power Boiler & Heat Exchanger Mfg,332410 - Power Boiler and Heat Exchanger Manufacturing,exact,170.47021,310.3415
339920,Sporting and Athletic Goods Manufacturing,Sporting & Athletic Goods Mfg,339920 | Sporting & Athletic Goods Mfg,339920 - Sporting and Athletic Goods Manufacturing,exact,169.93744,299.36404
336419,Other Guided Missile and Space Vehicle Parts and Auxiliary Equipment Manufacturing,Other Guided Missile & Space Vehicle ...,336419 | Other Guided Missile & Space Vehicle ...,336419 - Other Guided Missile and Space Vehicle Parts and Auxiliary Equipment Manufacturing,exact,169.08517,248.83412
326150,Urethane and Other Foam Product (except Polystyrene) Manufacturing,Urethane & Other Foam Prod (except Po...,326150 | Urethane & Other Foam Prod (except Po...,326150 - Urethane and Other Foam Product (except Polystyrene) Manufacturing,exact,168.75479,369.8183
333913,Pump and Compressor ManufacturingT,Pump & Compressor MfgT,333913 | Pump & Compressor MfgT,333913 - Pump and Compressor ManufacturingT,prefix_5_digit,168.62086,335.81158
322220,Paper Bag and Coated and Treated Paper Manufacturing,Paper Bag & Coated & Treated Paper Mfg,322220 | Paper Bag & Coated & Treated Paper Mfg,322220 - Paper Bag and Coated and Treated Paper Manufacturing,exact,168.43701,414.93207
333924,"Industrial Truck, Tractor, Trailer, and Stacker Machinery Manufacturing","Industrial Truck, Tractor, Trailer, &...","333924 | Industrial Truck, Tractor, Trailer, &...","333924 - Industrial Truck, Tractor, Trailer, and Stacker Machinery Manufacturing",exact,167.73448,340.36914
335911,Battery ManufacturingT,Battery MfgT,335911 | Battery MfgT,335911 - Battery ManufacturingT,prefix_5_digit,166.98824,333.55283
333995,Fluid Power Cylinder and Actuator Manufacturing,Fluid Power Cylinder & Actuator Mfg,333995 | Fluid Power Cylinder & Actuator Mfg,333995 - Fluid Power Cylinder and Actuator Manufacturing,exact,166.321,303.22726
334310,Audio and Video Equipment Manufacturing,Audio & Video Equip Mfg,334310 | Audio & Video Equip Mfg,334310 - Audio and Video Equipment Manufacturing,exact,165.9905,306.1765
335122,Electric Lighting Equipment ManufacturingT,Electric Lighting Equip MfgT,335122 | Electric Lighting Equip MfgT,335122 - Electric Lighting Equipment ManufacturingT,prefix_4_digit,165.84018,300.04773
333112,Lawn and Garden Tractor and Home Lawn and Garden Equipment Manufacturing,Lawn & Garden Tractor & Home Lawn & G...,333112 | Lawn & Garden Tractor & Home Lawn & G...,333112 - Lawn and Garden Tractor and Home Lawn and Garden Equipment Manufacturing,exact,165.78769,497.97415
311412,Frozen Specialty Food Manufacturing,Frozen Specialty Food Mfg,311412 | Frozen Specialty Food Mfg,311412 - Frozen Specialty Food Manufacturing,exact,165.49516,381.29492
336390,Other Motor Vehicle Parts Manufacturing,Other Motor Vehicle Parts Mfg,336390 | Other Motor Vehicle Parts Mfg,336390 - Other Motor Vehicle Parts Manufacturing,exact,165.48744,519.75934
321212,Softwood Veneer and Plywood Manufacturing,Softwood Veneer & Plywood Mfg,321212 | Softwood Veneer & Plywood Mfg,321212 - Softwood Veneer and Plywood Manufacturing,exact,165.46967,379.5696
332510,Hardware Manufacturing,Hardware Mfg,332510 | Hardware Mfg,332510 - Hardware Manufacturing,exact,165.22502,304.70258
335314,Relay and Industrial Control Manufacturing,Relay & Industrial Control Mfg,335314 | Relay & Industrial Control Mfg,335314 - Relay and Industrial Control Manufacturing,exact,164.90714,302.15396
332439,Other Metal Container Manufacturing,Other Metal Container Mfg,332439 | Other Metal Container Mfg,332439 - Other Metal Container Manufacturing,exact,164.406,342.32538
332992,Small Arms Ammunition Manufacturing,Small Arms Ammunition Mfg,332992 | Small Arms Ammunition Mfg,332992 - Small Arms Ammunition Manufacturing,exact,164.39911,296.20016
327332,Concrete Pipe Manufacturing,Concrete Pipe Mfg,327332 | Concrete Pipe Mfg,327332 - Concrete Pipe Manufacturing,exact,164.34555,264.78967
322299,All Other Converted Paper Product Manufacturing,All Other Converted Paper Prod Mfg,322299 | All Other Converted Paper Prod Mfg,322299 - All Other Converted Paper Product Manufacturing,exact,164.00839,328.52954
331222,Steel Wire Drawing,Steel Wire Drawing,331222 | Steel Wire Drawing,331222 - Steel Wire Drawing,exact,163.92136,349.44452
335129,Electric Lighting Equipment ManufacturingT,Electric Lighting Equip MfgT,335129 | Electric Lighting Equip MfgT,335129 - Electric Lighting Equipment ManufacturingT,prefix_4_digit,163.63371,309.53418
336415,Guided Missile and Space Vehicle Propulsion Unit and Propulsion Unit Parts Manufacturing,Guided Missile & Space Vehicle Propul...,336415 | Guided Missile & Space Vehicle Propul...,336415 - Guided Missile and Space Vehicle Propulsion Unit and Propulsion Unit Parts Manufacturing,exact,163.56207,325.7678
332215,"Metal Kitchen Cookware, Utensil, Cutlery, and Flatware (except Precious) Manufacturing","Metal Kitchen Cookware, Utensil, Cutl...","332215 | Metal Kitchen Cookware, Utensil, Cutl...","332215 - Metal Kitchen Cookware, Utensil, Cutlery, and Flatware (except Precious) Manufacturing",exact,163.38715,378.94714
332919,Other Metal Valve and Pipe Fitting Manufacturing,Other Metal Valve & Pipe Fitting Mfg,332919 | Other Metal Valve & Pipe Fitting Mfg,332919 - Other Metal Valve and Pipe Fitting Manufacturing,exact,163.21384,320.53128
326299,All Other Rubber Product Manufacturing,All Other Rubber Prod Mfg,326299 | All Other Rubber Prod Mfg,326299 - All Other Rubber Product Manufacturing,exact,162.68222,319.92798
332912,Fluid Power Valve and Hose Fitting Manufacturing,Fluid Power Valve & Hose Fitting Mfg,332912 | Fluid Power Valve & Hose Fitting Mfg,332912 - Fluid Power Valve and Hose Fitting Manufacturing,exact,162.13481,304.2622
326160,Plastics Bottle Manufacturing,Plast Bottle Mfg,326160 | Plast Bottle Mfg,326160 - Plastics Bottle Manufacturing,exact,161.66895,390.6324
334613,Manufacturing and Reproducing Magnetic and Optical MediaT,Mfg & Reproducing Magnetic & Optical ...,334613 | Mfg & Reproducing Magnetic & Optical ...,334613 - Manufacturing and Reproducing Magnetic and Optical MediaT,prefix_5_digit,161.4596,522.14954
332119,"Metal Crown, Closure, and Other Metal Stamping (except Automotive)","Metal Crown, Closure, & Other Metal S...","332119 | Metal Crown, Closure, & Other Metal S...","332119 - Metal Crown, Closure, and Other Metal Stamping (except Automotive)",exact,161.34308,268.0685
332312,Fabricated Structural Metal Manufacturing,Fab Structural Metal Mfg,332312 | Fab Structural Metal Mfg,332312 - Fabricated Structural Metal Manufacturing,exact,161.21335,319.501
312113,Ice Manufacturing,Ice Mfg,312113 | Ice Mfg,312113 - Ice Manufacturing,exact,160.6142,297.57632
326122,Plastics Pipe and Pipe Fitting Manufacturing,Plast Pipe & Pipe Fitting Mfg,326122 | Plast Pipe & Pipe Fitting Mfg,326122 - Plastics Pipe and Pipe Fitting Manufacturing,exact,160.59357,420.96033
332811,Metal Heat Treating,Metal Heat Treating,332811 | Metal Heat Treating,332811 - Metal Heat Treating,exact,160.59328,255.82964
331318,"Other Aluminum Rolling, Drawing, and Extruding","Other Aluminum Rolling, Drawing, & Ex...","331318 | Other Aluminum Rolling, Drawing, & Ex...","331318 - Other Aluminum Rolling, Drawing, and Extruding",exact,160.5923,405.35556
322219,Other Paperboard Container Manufacturing,Other Paperbd Container Mfg,322219 | Other Paperbd Container Mfg,322219 - Other Paperboard Container Manufacturing,exact,160.46587,358.78384
339940,Office Supplies (except Paper) Manufacturing,Office Supp (except Paper) Mfg,339940 | Office Supp (except Paper) Mfg,339940 - Office Supplies (except Paper) Manufacturing,exact,160.11076,302.8784
336330,Motor Vehicle Steering and Suspension Components (except Spring) Manufacturing,Motor Vehicle Steering & Suspension C...,336330 | Motor Vehicle Steering & Suspension C...,336330 - Motor Vehicle Steering and Suspension Components (except Spring) Manufacturing,exact,159.99112,396.69037
321213,"Veneer, Plywood, and Engineered Wood Product ManufacturingT","Veneer, Plywood, & Engineered Wood Pr...","321213 | Veneer, Plywood, & Engineered Wood Pr...","321213 - Veneer, Plywood, and Engineered Wood Product ManufacturingT",prefix_5_digit,159.96094,492.0113
333249,Industrial Machinery ManufacturingT,Industrial Mach MfgT,333249 | Industrial Mach MfgT,333249 - Industrial Machinery ManufacturingT,prefix_5_digit,159.95363,299.2744
332722,"Bolt, Nut, Screw, Rivet, and Washer Manufacturing","Bolt, Nut, Screw, Rivet, & Washer Mfg","332722 | Bolt, Nut, Screw, Rivet, & Washer Mfg","332722 - Bolt, Nut, Screw, Rivet, and Washer Manufacturing",exact,159.6365,292.1038
333517,Machine Tool Manufacturing,Machine Tool Mfg,333517 | Machine Tool Mfg,333517 - Machine Tool Manufacturing,exact,158.91956,278.85855
331512,Steel Investment Foundries,Steel Investment Foundries,331512 | Steel Investment Foundries,331512 - Steel Investment Foundries,exact,157.84508,289.9696
335121,Electric Lighting Equipment ManufacturingT,Electric Lighting Equip MfgT,335121 | Electric Lighting Equip MfgT,335121 - Electric Lighting Equipment ManufacturingT,prefix_4_digit,157.57254,263.79013
335312,Motor and Generator Manufacturing,Motor & Generator Mfg,335312 | Motor & Generator Mfg,335312 - Motor and Generator Manufacturing,exact,156.66475,365.28616
334513,"Instruments and Related Products Manufacturing for Measuring, Displaying, and Controlling Industrial Process Variables",Instruments & Related Prod Mfg for Me...,334513 | Instruments & Related Prod Mfg for Me...,"334513 - Instruments and Related Products Manufacturing for Measuring, Displaying, and Controlling Industrial Process Variables",exact,155.93678,270.5516
335313,Switchgear and Switchboard Apparatus Manufacturing,Switchgear & Switchboard Apparatus Mfg,335313 | Switchgear & Switchboard Apparatus Mfg,335313 - Switchgear and Switchboard Apparatus Manufacturing,exact,155.25108,346.7532
332991,Ball and Roller Bearing Manufacturing,Ball & Roller Bearing Mfg,332991 | Ball & Roller Bearing Mfg,332991 - Ball and Roller Bearing Manufacturing,exact,155.17734,277.80966
333414,Heating Equipment (except Warm Air Furnaces) Manufacturing,Heating Equip (except Warm Air Furnac...,333414 | Heating Equip (except Warm Air Furnac...,333414 - Heating Equipment (except Warm Air Furnaces) Manufacturing,exact,155.15637,282.14825
332613,Spring Manufacturing,Spring Mfg,332613 | Spring Mfg,332613 - Spring Manufacturing,exact,155.00528,281.60135
339994,"Broom, Brush, and Mop Manufacturing","Broom, Brush, & Mop Mfg","339994 | Broom, Brush, & Mop Mfg","339994 - Broom, Brush, and Mop Manufacturing",exact,154.17209,304.29828
311612,Meat Processed from Carcasses,Meat Processed from Carcasses,311612 | Meat Processed from Carcasses,311612 - Meat Processed from Carcasses,exact,153.8505,481.5532
311411,"Frozen Fruit, Juice, and Vegetable Manufacturing","Frozen Fruit, Juice, & Vegetable Mfg","311411 | Frozen Fruit, Juice, & Vegetable Mfg","311411 - Frozen Fruit, Juice, and Vegetable Manufacturing",exact,153.82599,336.79288
326140,Polystyrene Foam Product Manufacturing,Polystyrene Foam Prod Mfg,326140 | Polystyrene Foam Prod Mfg,326140 - Polystyrene Foam Product Manufacturing,exact,153.74094,314.3273
333243,"Sawmill, Woodworking, and Paper Machinery Manufacturing","Sawmill, Woodworking, & Paper Mach Mfg","333243 | Sawmill, Woodworking, & Paper Mach Mfg","333243 - Sawmill, Woodworking, and Paper Machinery Manufacturing",exact,152.45872,295.488
322212,Folding Paperboard Box Manufacturing,Folding Paperbd Box Mfg,322212 | Folding Paperbd Box Mfg,322212 - Folding Paperboard Box Manufacturing,exact,151.9925,368.17462
332618,Other Fabricated Wire Product Manufacturing,Other Fab Wire Prod Mfg,332618 | Other Fab Wire Prod Mfg,332618 - Other Fabricated Wire Product Manufacturing,exact,150.43875,276.7647
335311,"Power, Distribution, and Specialty Transformer Manufacturing","Power, Distribution, & Specialty Tran...","335311 | Power, Distribution, & Specialty Tran...","335311 - Power, Distribution, and Specialty Transformer Manufacturing",exact,149.52625,311.65778
333922,Conveyor and Conveying Equipment Manufacturing,Conveyor & Conveying Equip Mfg,333922 | Conveyor & Conveying Equip Mfg,333922 - Conveyor and Conveying Equipment Manufacturing,exact,149.4302,274.88284
332311,Prefabricated Metal Building and Component Manufacturing,Prefabricated Metal Building & Compon...,332311 | Prefabricated Metal Building & Compon...,332311 - Prefabricated Metal Building and Component Manufacturing,exact,149.26703,314.86877
332216,Saw Blade and Handtool Manufacturing,Saw Blade & H&tool Mfg,332216 | Saw Blade & H&tool Mfg,332216 - Saw Blade and Handtool Manufacturing,exact,149.20068,256.92322
327215,Glass Product Manufacturing Made of Purchased Glass,Glass Prod Mfg Made of Purchased Glass,327215 | Glass Prod Mfg Made of Purchased Glass,327215 - Glass Product Manufacturing Made of Purchased Glass,exact,148.86623,280.1515
336370,Motor Vehicle Metal Stamping,Motor Vehicle Metal Stamping,336370 | Motor Vehicle Metal Stamping,336370 - Motor Vehicle Metal Stamping,exact,148.27507,395.6749
335931,Current-Carrying Wiring Device Manufacturing,Current-Carrying Wiring Device Mfg,335931 | Current-Carrying Wiring Device Mfg,335931 - Current-Carrying Wiring Device Manufacturing,exact,147.23615,300.63498
321999,All Other Miscellaneous Wood Product Manufacturing,All Other Misc Wood Prod Mfg,321999 | All Other Misc Wood Prod Mfg,321999 - All Other Miscellaneous Wood Product Manufacturing,exact,147.23029,271.46396
314110,Carpet and Rug Mills,Carpet & Rug Mills,314110 | Carpet & Rug Mills,314110 - Carpet and Rug Mills,exact,146.48135,357.60733
337125,Household and Institutional Furniture ManufacturingT,Household & Institutional Furn MfgT,337125 | Household & Institutional Furn MfgT,337125 - Household and Institutional Furniture ManufacturingT,prefix_5_digit,145.55145,321.61
333613,Mechanical Power Transmission Equipment Manufacturing,Mechanical Power Transmission Equip Mfg,333613 | Mechanical Power Transmission Equip Mfg,333613 - Mechanical Power Transmission Equipment Manufacturing,exact,145.53445,270.5449
333994,Industrial Process Furnace and Oven Manufacturing,Industrial Process Furnace & Oven Mfg,333994 | Industrial Process Furnace & Oven Mfg,333994 - Industrial Process Furnace and Oven Manufacturing,exact,145.11351,272.42587
332114,Custom Roll Forming,Custom Roll Forming,332114 | Custom Roll Forming,332114 - Custom Roll Forming,exact,144.6793,312.44318
322230,Stationery Product Manufacturing,Stationery Prod Mfg,322230 | Stationery Prod Mfg,322230 - Stationery Product Manufacturing,exact,144.35402,393.0723
311830,Tortilla Manufacturing,Tortilla Mfg,311830 | Tortilla Mfg,311830 - Tortilla Manufacturing,exact,143.74736,244.01633
332999,All Other Miscellaneous Fabricated Metal Product Manufacturing,All Other Misc Fab Metal Prod Mfg,332999 | All Other Misc Fab Metal Prod Mfg,332999 - All Other Miscellaneous Fabricated Metal Product Manufacturing,exact,143.60103,214.30818
339999,All Other Miscellaneous Manufacturing,All Other Misc Mfg,339999 | All Other Misc Mfg,339999 - All Other Miscellaneous Manufacturing,exact,143.46007,223.5994
339991,"Gasket, Packing, and Sealing Device Manufacturing","Gasket, Packing, & Sealing Device Mfg","339991 | Gasket, Packing, & Sealing Device Mfg","339991 - Gasket, Packing, and Sealing Device Manufacturing",exact,142.85022,257.4109
331529,Other Nonferrous Metal Foundries (except Die-Casting),Other Nonferrous Metal Foundries (exc...,331529 | Other Nonferrous Metal Foundries (exc...,331529 - Other Nonferrous Metal Foundries (except Die-Casting),exact,142.06424,260.41016
332993,Ammunition (except Small Arms) Manufacturing,Ammunition (except Small Arms) Mfg,332993 | Ammunition (except Small Arms) Mfg,332993 - Ammunition (except Small Arms) Manufacturing,exact,141.80975,223.89369
326199,All Other Plastics Product Manufacturing,All Other Plast Prod Mfg,326199 | All Other Plast Prod Mfg,326199 - All Other Plastics Product Manufacturing,exact,140.41289,275.82224
332420,Metal Tank (Heavy Gauge) Manufacturing,Metal Tank (Heavy Gauge) Mfg,332420 | Metal Tank (Heavy Gauge) Mfg,332420 - Metal Tank (Heavy Gauge) Manufacturing,exact,139.3411,267.10257
339993,"Fastener, Button, Needle, and Pin Manufacturing","Fastener, Button, Needle, & Pin Mfg","339993 | Fastener, Button, Needle, & Pin Mfg","339993 - Fastener, Button, Needle, and Pin Manufacturing",exact,138.9927,305.40106
334512,"Automatic Environmental Control Manufacturing for Residential, Commercial, and Appliance Use",Automatic Environmental Control Mfg f...,334512 | Automatic Environmental Control Mfg f...,"334512 - Automatic Environmental Control Manufacturing for Residential, Commercial, and Appliance Use",exact,138.62831,254.60619
332117,Powder Metallurgy Part Manufacturing,Powder Metallurgy Part Mfg,332117 | Powder Metallurgy Part Mfg,332117 - Powder Metallurgy Part Manufacturing,exact,138.50415,254.9127
333997,All Other General Purpose Machinery ManufacturingT,All Other General Purpose Mach MfgT,333997 | All Other General Purpose Mach MfgT,333997 - All Other General Purpose Machinery ManufacturingT,prefix_5_digit,138.45288,295.13074
332812,"Metal Coating, Engraving (except Jewelry and Silverware), and Allied Services to Manufacturers","Metal Coating, Engraving (except Jewe...","332812 | Metal Coating, Engraving (except Jewe...","332812 - Metal Coating, Engraving (except Jewelry and Silverware), and Allied Services to Manufacturers",exact,137.89986,289.26492
311813,"Frozen Cakes, Pies, and Other Pastries Manufacturing","Frozen Cakes, Pies, & Other Pastries Mfg","311813 | Frozen Cakes, Pies, & Other Pastries Mfg","311813 - Frozen Cakes, Pies, and Other Pastries Manufacturing",exact,137.65483,271.2797
327390,Other Concrete Product Manufacturing,Other Concrete Prod Mfg,327390 | Other Concrete Prod Mfg,327390 - Other Concrete Product Manufacturing,exact,137.57272,217.24948
327110,"Pottery, Ceramics, and Plumbing Fixture Manufacturing","Pottery, Ceramics, & Plumbing Fixture...","327110 | Pottery, Ceramics, & Plumbing Fixture...","327110 - Pottery, Ceramics, and Plumbing Fixture Manufacturing",exact,137.44623,209.29436
336213,Motor Home Manufacturing,Motor Home Mfg,336213 | Motor Home Mfg,336213 - Motor Home Manufacturing,exact,137.27681,451.5259
331523,Nonferrous Metal Die-Casting Foundries,Nonferrous Metal Die-Casting Foundries,331523 | Nonferrous Metal Die-Casting Foundries,331523 - Nonferrous Metal Die-Casting Foundries,exact,137.08989,250.39667
332996,Fabricated Pipe and Pipe Fitting Manufacturing,Fab Pipe & Pipe Fitting Mfg,332996 | Fab Pipe & Pipe Fitting Mfg,332996 - Fabricated Pipe and Pipe Fitting Manufacturing,exact,136.71512,254.06226
326191,Plastics Plumbing Fixture Manufacturing,Plast Plumbing Fixture Mfg,326191 | Plast Plumbing Fixture Mfg,326191 - Plastics Plumbing Fixture Manufacturing,exact,136.358,237.27315
326291,Rubber Product Manufacturing for Mechanical Use,Rubber Prod Mfg for Mechanical Use,326291 | Rubber Prod Mfg for Mechanical Use,326291 - Rubber Product Manufacturing for Mechanical Use,exact,135.89066,277.26862
316992,Other Leather and Allied Product ManufacturingT,Other Leather & Allied Prod MfgT,316992 | Other Leather & Allied Prod MfgT,316992 - Other Leather and Allied Product ManufacturingT,prefix_5_digit,135.401,240.0398
323111,Commercial Printing (except Screen and Books),Commercial Print (except Screen & Books),323111 | Commercial Print (except Screen & Books),323111 - Commercial Printing (except Screen and Books),exact,134.63239,230.244
311611,Animal (except Poultry) Slaughtering,Animal (except Poultry) Slaughtering,311611 | Animal (except Poultry) Slaughtering,311611 - Animal (except Poultry) Slaughtering,exact,134.50232,638.6232
333511,Industrial Mold Manufacturing,Industrial Mold Mfg,333511 | Industrial Mold Mfg,333511 - Industrial Mold Manufacturing,exact,134.16348,221.10521
333515,Cutting Tool and Machine Tool Accessory Manufacturing,Cutting Tool & Machine Tool Accessory...,333515 | Cutting Tool & Machine Tool Accessory...,333515 - Cutting Tool and Machine Tool Accessory Manufacturing,exact,133.03114,214.6868
314994,"Rope, Cordage, Twine, Tire Cord, and Tire Fabric Mills","Rope, Cordage, Twine, Tire Cord, & Ti...","314994 | Rope, Cordage, Twine, Tire Cord, & Ti...","314994 - Rope, Cordage, Twine, Tire Cord, and Tire Fabric Mills",exact,132.88647,300.731
321912,"Cut Stock, Resawing Lumber, and Planing","Cut Stock, Resawing Lumber, & Planing","321912 | Cut Stock, Resawing Lumber, & Planing","321912 - Cut Stock, Resawing Lumber, and Planing",exact,131.81004,285.77228
311991,Perishable Prepared Food Manufacturing,Perishable Prepared Food Mfg,311991 | Perishable Prepared Food Mfg,311991 - Perishable Prepared Food Manufacturing,exact,131.51126,290.27292
339995,Burial Casket Manufacturing,Burial Casket Mfg,339995 | Burial Casket Mfg,339995 - Burial Casket Manufacturing,exact,130.25552,274.1053
336360,Motor Vehicle Seating and Interior Trim Manufacturing,Motor Vehicle Seating & Interior Trim...,336360 | Motor Vehicle Seating & Interior Trim...,336360 - Motor Vehicle Seating and Interior Trim Manufacturing,exact,128.53421,465.22278
332322,Sheet Metal Work Manufacturing,Sheet Metal Work Mfg,332322 | Sheet Metal Work Mfg,332322 - Sheet Metal Work Manufacturing,exact,128.38255,238.7434
339930,"Doll, Toy, and Game Manufacturing","Doll, Toy, & Game Mfg","339930 | Doll, Toy, & Game Mfg","339930 - Doll, Toy, and Game Manufacturing",exact,127.64181,244.24501
313310,Textile and Fabric Finishing Mills,Text & Fabric Finishing Mills,313310 | Text & Fabric Finishing Mills,313310 - Textile and Fabric Finishing Mills,exact,127.047806,263.64798
334416,"Capacitor, Resistor, Coil, Transformer, and Other Inductor Manufacturing","Capacitor, Resistor, Coil, Transforme...","334416 | Capacitor, Resistor, Coil, Transforme...","334416 - Capacitor, Resistor, Coil, Transformer, and Other Inductor Manufacturing",exact,126.13487,239.40598
337124,Household and Institutional Furniture ManufacturingT,Household & Institutional Furn MfgT,337124 | Household & Institutional Furn MfgT,337124 - Household and Institutional Furniture ManufacturingT,prefix_5_digit,124.44916,290.9267
333413,Industrial and Commercial Fan and Blower and Air Purification Equipment Manufacturing,Industrial & Commercial Fan & Blower ...,333413 | Industrial & Commercial Fan & Blower ...,333413 - Industrial and Commercial Fan and Blower and Air Purification Equipment Manufacturing,exact,124.18083,244.11041
337212,Custom Architectural Woodwork and Millwork Manufacturing,Custom Architectural Woodwork & Millw...,337212 | Custom Architectural Woodwork & Millw...,337212 - Custom Architectural Woodwork and Millwork Manufacturing,exact,123.7289,204.32916
332323,Ornamental and Architectural Metal Work Manufacturing,Ornamental & Architectural Metal Work...,332323 | Ornamental & Architectural Metal Work...,332323 - Ornamental and Architectural Metal Work Manufacturing,exact,123.41997,217.1271
326212,Tire Retreading,Tire Retreading,326212 | Tire Retreading,326212 - Tire Retreading,exact,122.86342,335.48343
333514,"Special Die and Tool, Die Set, Jig, and Fixture Manufacturing","Special Die & Tool, Die Set, Jig, & F...","333514 | Special Die & Tool, Die Set, Jig, & F...","333514 - Special Die and Tool, Die Set, Jig, and Fixture Manufacturing",exact,122.83765,205.98877
336612,Boat Building,Boat Building,336612 | Boat Building,336612 - Boat Building,exact,122.663086,251.89465
339950,Sign Manufacturing,Sign Mfg,339950 | Sign Mfg,339950 - Sign Manufacturing,exact,122.533676,200.75429
331524,Aluminum Foundries (except Die-Casting),Aluminum Foundries (except Die-Casting),331524 | Aluminum Foundries (except Die-Casting),331524 - Aluminum Foundries (except Die-Casting),exact,121.59627,220.27438
334412,Bare Printed Circuit Board Manufacturing,Bare Printed Circuit Board Mfg,334412 | Bare Printed Circuit Board Mfg,334412 - Bare Printed Circuit Board Manufacturing,exact,121.20021,189.77838
321911,Wood Window and Door Manufacturing,Wood Window & Door Mfg,321911 | Wood Window & Door Mfg,321911 - Wood Window and Door Manufacturing,exact,119.262436,236.41609
316110,Leather and Hide Tanning and Finishing,Leather & Hide Tanning & Finishing,316110 | Leather & Hide Tanning & Finishing,316110 - Leather and Hide Tanning and Finishing,exact,119.00398,510.91653
332721,Precision Turned Product Manufacturing,Precision Turned Prod Mfg,332721 | Precision Turned Prod Mfg,332721 - Precision Turned Product Manufacturing,exact,117.41623,207.41507
332710,Machine Shops,Machine Shops,332710 | Machine Shops,332710 - Machine Shops,exact,116.803085,196.89952
332321,Metal Window and Door Manufacturing,Metal Window & Door Mfg,332321 | Metal Window & Door Mfg,332321 - Metal Window and Door Manufacturing,exact,116.73479,229.9204
321211,Hardwood Veneer and Plywood Manufacturing,Hardwood Veneer & Plywood Mfg,321211 | Hardwood Veneer & Plywood Mfg,321211 - Hardwood Veneer and Plywood Manufacturing,exact,116.31621,283.02612
334614,Manufacturing and Reproducing Magnetic and Optical MediaT,Mfg & Reproducing Magnetic & Optical ...,334614 | Mfg & Reproducing Magnetic & Optical ...,334614 - Manufacturing and Reproducing Magnetic and Optical MediaT,prefix_5_digit,115.100174,202.98161
337215,"Showcase, Partition, Shelving, and Locker Manufacturing","Showcase, Partition, Shelving, & Lock...","337215 | Showcase, Partition, Shelving, & Lock...","337215 - Showcase, Partition, Shelving, and Locker Manufacturing",exact,114.99838,213.90382
336214,Travel Trailer and Camper Manufacturing,Travel Trailer & Camper Mfg,336214 | Travel Trailer & Camper Mfg,336214 - Travel Trailer and Camper Manufacturing,exact,114.90759,291.2938
337110,Wood Kitchen Cabinet and Countertop Manufacturing,Wood Kitchen Cabinet & Countertop Mfg,337110 | Wood Kitchen Cabinet & Countertop Mfg,337110 - Wood Kitchen Cabinet and Countertop Manufacturing,exact,111.70967,204.38696
323117,Books Printing,Books Print,323117 | Books Print,323117 - Books Printing,exact,111.62831,198.06505
321918,Other Millwork (including Flooring),Other Millwork (including Flooring),321918 | Other Millwork (including Flooring),321918 - Other Millwork (including Flooring),exact,111.2921,257.35062
332313,Plate Work Manufacturing,Plate Work Mfg,332313 | Plate Work Mfg,332313 - Plate Work Manufacturing,exact,110.630035,225.72916
339992,Musical Instrument Manufacturing,Musical Instrument Mfg,339992 | Musical Instrument Mfg,339992 - Musical Instrument Manufacturing,exact,110.57915,197.40027
321214,"Veneer, Plywood, and Engineered Wood Product ManufacturingT","Veneer, Plywood, & Engineered Wood Pr...","321214 | Veneer, Plywood, & Engineered Wood Pr...","321214 - Veneer, Plywood, and Engineered Wood Product ManufacturingT",prefix_5_digit,109.37746,206.34813
313110,"Fiber, Yarn, and Thread Mills","Fiber, Yarn, & Thread Mills","313110 | Fiber, Yarn, & Thread Mills","313110 - Fiber, Yarn, and Thread Mills",exact,109.37407,314.7979
337122,Nonupholstered Wood Household Furniture Manufacturing,Nonupholstered Wood Household Furn Mfg,337122 | Nonupholstered Wood Household Furn Mfg,337122 - Nonupholstered Wood Household Furniture Manufacturing,exact,108.08078,169.8742
336212,Truck Trailer Manufacturing,Truck Trailer Mfg,336212 | Truck Trailer Mfg,336212 - Truck Trailer Manufacturing,exact,107.79137,320.55542
311615,Poultry Processing,Poultry Proc,311615 | Poultry Proc,311615 - Poultry Processing,exact,107.692276,269.03592
337211,Wood Office Furniture Manufacturing,Wood Office Furn Mfg,337211 | Wood Office Furn Mfg,337211 - Wood Office Furniture Manufacturing,exact,105.673996,195.74973
336211,Motor Vehicle Body Manufacturing,Motor Vehicle Body Mfg,336211 | Motor Vehicle Body Mfg,336211 - Motor Vehicle Body Manufacturing,exact,105.19108,297.491
316998,Other Leather and Allied Product ManufacturingT,Other Leather & Allied Prod MfgT,316998 | Other Leather & Allied Prod MfgT,316998 - Other Leather and Allied Product ManufacturingT,prefix_5_digit,104.69679,194.74615
327991,Cut Stone and Stone Product Manufacturing,Cut Stone & Stone Prod Mfg,327991 | Cut Stone & Stone Prod Mfg,327991 - Cut Stone and Stone Product Manufacturing,exact,104.46332,189.00366
315240,Cut and Sew Apparel ManufacturingT,Cut & Sew App MfgT,315240 | Cut & Sew App MfgT,315240 - Cut and Sew Apparel ManufacturingT,prefix_4_digit,102.23164,214.58905
337127,Institutional Furniture Manufacturing,Institutional Furn Mfg,337127 | Institutional Furn Mfg,337127 - Institutional Furniture Manufacturing,exact,101.39171,219.73772
332813,"Electroplating, Plating, Polishing, Anodizing, and Coloring","Electroplating, Plating, Polishing, A...","332813 | Electroplating, Plating, Polishing, A...","332813 - Electroplating, Plating, Polishing, Anodizing, and Coloring",exact,100.70935,145.81604
313220,Narrow Fabric Mills and Schiffli Machine Embroidery,Narrow Fabric Mills & Schiffli Machin...,313220 | Narrow Fabric Mills & Schiffli Machin...,313220 - Narrow Fabric Mills and Schiffli Machine Embroidery,exact,99.67209,190.60068
337121,Upholstered Household Furniture Manufacturing,Upholstered Household Furn Mfg,337121 | Upholstered Household Furn Mfg,337121 - Upholstered Household Furniture Manufacturing,exact,99.18948,216.79607
337920,Blind and Shade Manufacturing,Blind & Shade Mfg,337920 | Blind & Shade Mfg,337920 - Blind and Shade Manufacturing,exact,95.91704,221.79532
321920,Wood Container and Pallet Manufacturing,Wood Container & Pallet Mfg,321920 | Wood Container & Pallet Mfg,321920 - Wood Container and Pallet Manufacturing,exact,95.188644,206.41835
314910,Textile Bag and Canvas Mills,Text Bag & Canvas Mills,314910 | Text Bag & Canvas Mills,314910 - Textile Bag and Canvas Mills,exact,94.72615,202.4403
321992,Prefabricated Wood Building Manufacturing,Prefabricated Wood Building Mfg,321992 | Prefabricated Wood Building Mfg,321992 - Prefabricated Wood Building Manufacturing,exact,94.358734,225.65268
316210,Footwear Manufacturing,Footwear Mfg,316210 | Footwear Mfg,316210 - Footwear Manufacturing,exact,92.620544,178.07664
321991,Manufactured Home (Mobile Home) Manufacturing,Manufactured Home (Mobile Home) Mfg,321991 | Manufactured Home (Mobile Home) Mfg,321991 - Manufactured Home (Mobile Home) Manufacturing,exact,92.597275,220.69064
339116,Dental Laboratories,Dental Laboratories,339116 | Dental Laboratories,339116 - Dental Laboratories,exact,92.452225,84.90544
323120,Support Activities for Printing,Support Activities for Print,323120 | Support Activities for Print,323120 - Support Activities for Printing,exact,90.89731,151.87604
323113,Commercial Screen Printing,Commercial Screen Print,323113 | Commercial Screen Print,323113 - Commercial Screen Printing,exact,90.33659,161.8764
315280,Cut and Sew Apparel ManufacturingT,Cut & Sew App MfgT,315280 | Cut & Sew App MfgT,315280 - Cut and Sew Apparel ManufacturingT,prefix_4_digit,89.02657,163.17574
314120,Curtain and Linen Mills,Curtain & Linen Mills,314120 | Curtain & Linen Mills,314120 - Curtain and Linen Mills,exact,88.54784,217.47505
313240,Knit Fabric Mills,Knit Fabric Mills,313240 | Knit Fabric Mills,313240 - Knit Fabric Mills,exact,87.381,208.93005
313210,Broadwoven Fabric Mills,Broadwoven Fabric Mills,313210 | Broadwoven Fabric Mills,313210 - Broadwoven Fabric Mills,exact,83.19696,205.299
315990,Apparel Accessories and Other Apparel Manufacturing,App Accessories & Other App Mfg,315990 | App Accessories & Other App Mfg,315990 - Apparel Accessories and Other Apparel Manufacturing,exact,81.69055,150.68533
314999,All Other Miscellaneous Textile Product Mills,All Other Misc Text Prod Mills,314999 | All Other Misc Text Prod Mills,314999 - All Other Miscellaneous Textile Product Mills,exact,80.618286,180.02258
315220,Cut and Sew Apparel ManufacturingT,Cut & Sew App MfgT,315220 | Cut & Sew App MfgT,315220 - Cut and Sew Apparel ManufacturingT,prefix_4_digit,79.31122,139.75653
311811,Retail Bakeries,Retail Bakeries,311811 | Retail Bakeries,311811 - Retail Bakeries,exact,74.300934,82.36482
315110,Apparel Knitting MillsT,App Knitting MillsT,315110 | App Knitting MillsT,315110 - Apparel Knitting MillsT,prefix_4_digit,69.63415,134.36012
315210,Cut and Sew Apparel Contractors,Cut & Sew App Contractors,315210 | Cut & Sew App Contractors,315210 - Cut and Sew Apparel Contractors,exact,49.521137,88.14717
